Match ID,Date,Day,Month,daymonth,Year,DateFormat,Opponent,Home/Away,Competition,Score,Result,Score Rank,HomeTeam,HomeScore,AwayTeam,AwayScore
4055,14th Sep 1986,14,9,14-9,1986,31669,Carlisle,H,LC1,St. Helens 112 - 0 Carlisle,W,12544,Saints,112,Carlisle,0
435,15th Sep 1991,15,9,15-9,1991,33496,Trafford Borough,H,LC1,St. Helens 104 - 12 Trafford Borough,W,10672,Saints,104,Trafford B,12
5219,15th Feb 2025,15,2,15-2,2025,45703,Salford Red Devils,H,SL,St. Helens 82 - 0 Salford Red Devils,W,6724,Saints,82,Salford R,0
259,4th Jan 1996,4,1,4-1,1996,35068,Warrington,H,RTSF,St. Helens 80 - 0 Warrington,W,6400,Saints,80,Warrington,0
4564,4th Sep 2005,4,9,4-9,2005,38599,Leigh Centurions,A,SL,Leigh Centurions 4 - 78 St. Helens,W,6068,Leigh C,4,Saints,78
4178,17th Sep 1989,17,9,17-9,1989,32768,Runcorn Highfield,H,LC1,St. Helens 78 - 10 Runcorn Highfield,W,5984,Saints,78,Runcorn H,10
4616,30th Mar 2007,30,3,30-3,2007,39171,Batley Bulldogs,H,CCC4,St. Helens 78 - 14 Batley Bulldogs,W,5888,Saints,78,Batley B,14
4801,27th Apr 2012,27,4,27-4,2012,41026,Oldham Roughyeds,A,RLCC5,Oldham Roughyeds 0 - 76 St. Helens,W,5776,Oldham R,0,Saints,76
4555,26th Jun 2005,26,6,26-6,2005,38529,Wigan Warriors,H,PCC6,St. Helens 75 - 0 Wigan Warriors,W,5625,Saints,75,Wigan W,0
1415,16th Feb 1924,16,2,16-2,1924,8813,Wardley,A,CC1,Wardley 0 - 73 St. Helens,W,5329,Wardley,0,Saints,73
137,18th Jul 1999,18,7,18-7,1999,36359,Hull Sharks,H,SL,St. Helens 74 - 16 Hull Sharks,W,5220,Saints,74,Hull S,16
26,3rd Aug 2002,3,8,3-8,2002,37471,Warrington Wolves,H,SL,St. Helens 72 - 2 Warrington Wolves,W,5180,Saints,72,Warrington,2
4599,13th Aug 2006,13,8,13-8,2006,38942,Castleford Tigers,A,SL,Castleford Tigers 4 - 72 St. Helens,W,5168,Castleford,4,Saints,72
3706,5th Mar 1978,5,3,5-3,1978,28554,Bramley,H,L,St. Helens 71 - 7 Bramley,W,4992,Saints,71,Bramley,7
4768,22nd May 2011,22,5,22-5,2011,40685,Featherstone Rovers,H,RLCC5,St. Helens 70 - 0 Featherstone Rovers,W,4900,Saints,70,Feathersto,0
14,8th Feb 2003,8,2,8-2,2003,37660,Union Treiziste Catalane,A,PCC4,Union Treiziste Catalane 6 - 70 St. Helens,W,4864,Union T,6,Saints,70
4123,1st Mar 1988,1,3,1-3,1988,32203,Hunslet,H,L,St. Helens 70 - 6 Hunslet,W,4864,Saints,70,Hunslet,6
2800,14th Feb 1959,14,2,14-2,1959,21595,Barrow,H,L,St. Helens 71 - 15 Barrow,W,4816,Saints,71,Barrow,15
4623,11th May 2007,11,5,11-5,2007,39213,Rochdale Hornets,H,CCC5,St. Helens 70 - 10 Rochdale Hornets,W,4800,Saints,70,Rochdale H,10
66,7th Jul 2001,7,7,7-7,2001,37079,Warrington Wolves,H,SL,St. Helens 70 - 16 Warrington Wolves,W,4644,Saints,70,Warrington,16
326,13th Apr 1994,13,4,13-4,1994,34437,Leeds,H,L,St. Helens 68 - 0 Leeds,W,4624,Saints,68,Leeds,0
230,18th Aug 1996,18,8,18-8,1996,35295,Sheffield Eagles,H,SL,St. Helens 68 - 2 Sheffield Eagles,W,4620,Saints,68,Sheffield ,2
4007,17th Apr 1985,17,4,17-4,1985,31154,Hunslet,H,L,St. Helens 68 - 7 Hunslet,W,4575,Saints,68,Hunslet,7
4667,11th Jul 2008,11,7,11-7,2008,39640,Castleford Tigers,H,SL,St. Helens 68 - 12 Castleford Tigers,W,4480,Saints,68,Castleford,12
4733,21st May 2010,21,5,21-5,2010,40319,Hull Kingston Rovers,H,SL,St. Helens 68 - 12 Hull Kingston Rovers,W,4480,Saints,68,Hull K,12
2537,7th Mar 1953,7,3,7-3,1953,19425,Wakefield Trinity,H,L,St. Helens 69 - 17 Wakefield Trinity,W,4472,Saints,69,Wakefield ,17
4552,4th Jun 2005,4,6,4-6,2005,38507,Bradford Bulls,A,SL,Bradford Bulls 4 - 66 St. Helens,W,4340,Bradford B,4,Saints,66
5010,20th Apr 2018,20,4,20-4,2018,43210,Huddersfield Giants,H,SL,St. Helens 66 - 4 Huddersfield Giants,W,4340,Saints,66,Huddersfld,4
4697,30th May 2009,30,5,30-5,2009,39963,Gateshead Thunder,A,CCC6,Gateshead Thunder 6 - 66 St. Helens,W,4320,Gateshead ,6,Saints,66
171,2nd Aug 1998,2,8,2-8,1998,36009,Huddersfield Giants,H,SL,St. Helens 68 - 18 Huddersfield Giants,W,4300,Saints,68,Huddersfld,18
229,26th Aug 1996,26,8,26-8,1996,35303,Warrington Wolves,H,SL,St. Helens 66 - 14 Warrington Wolves,W,4160,Saints,66,Warrington,14
4691,19th Apr 2009,19,4,19-4,2009,39922,Castleford Tigers,A,SL,Castleford Tigers 22 - 68 St. Helens,W,4140,Castleford,22,Saints,68
2644,24th Sep 1955,24,9,24-9,1955,20356,Barrow,H,L,St. Helens 66 - 15 Barrow,W,4131,Saints,66,Barrow,15
74,18th May 2001,18,5,18-5,2001,37029,Salford City Reds,H,SL,St. Helens 66 - 16 Salford City Reds,W,4100,Saints,66,Salford C,16
24,23rd Aug 2002,23,8,23-8,2002,37491,Halifax Blue Sox,H,SL,St. Helens 64 - 0 Halifax Blue Sox,W,4096,Saints,64,Halifax B,0
4120,17th Feb 1988,17,2,17-2,1988,32190,Hull,H,L,St. Helens 64 - 2 Hull,W,4092,Saints,64,Hull,2
245,5th May 1996,5,5,5-5,1996,35190,Oldham Bears,H,SL,St. Helens 66 - 18 Oldham Bears,W,4032,Saints,66,Oldham B,18
375,6th Jan 1993,6,1,6-1,1993,33975,Leigh,H,L,St. Helens 64 - 9 Leigh,W,4015,Saints,64,Leigh,9
20,13th Sep 2002,13,9,13-9,2002,37512,Hull,H,SL,St. Helens 64 - 10 Hull,W,3996,Saints,64,Hull,10
276,10th Sep 1995,10,9,10-9,1995,34952,Workington Town,A,L,Workington Town 22 - 66 St. Helens,W,3872,Workington,22,Saints,66
3287,20th Sep 1969,20,9,20-9,1969,25466,Rochdale Hornets,H,L,St. Helens 63 - 10 Rochdale Hornets,W,3869,Saints,63,Rochdale H,10
251,31st Mar 1996,31,3,31-3,1996,35155,Workington Town,A,SL,Workington Town 0 - 62 St. Helens,W,3844,Workington,0,Saints,62
3381,5th Jun 1971,5,6,5-6,1971,26089,St. Gaudens,H,ECF(2),St. Helens 62 - 0 St. Gaudens,W,3844,Saints,62,St Gaudens,0
3998,10th Mar 1985,10,3,10-3,1985,31116,Workington Town,H,L,St. Helens 62 - 0 Workington Town,W,3844,Saints,62,Workington,0
4548,6th May 2005,6,5,6-5,2005,38478,York City Knights,H,PCC5,St. Helens 62 - 0 York City Knights,W,3844,Saints,62,York C,0
135,30th Jul 1999,30,7,30-7,1999,36371,Huddersfield Giants,H,SL,St. Helens 64 - 16 Huddersfield Giants,W,3840,Saints,64,Huddersfld,16
4540,19th Mar 2005,19,3,19-3,2005,38430,Wakefield Trinity Wildcats,H,SL,St. Helens 64 - 16 Wakefield Trinity Wildcats,W,3840,Saints,64,Wakefield ,16
2354,18th Dec 1948,18,12,18-12,1948,17885,Whitehaven,H,L,St. Helens 61 - 0 Whitehaven,W,3721,Saints,61,Whitehaven,0
4049,16th Apr 1986,16,4,16-4,1986,31518,Castleford,H,L,St. Helens 62 - 12 Castleford,W,3700,Saints,62,Castleford,12
2,16th May 2003,16,5,16-5,2003,37757,London Broncos,H,SL,St. Helens 62 - 16 London Broncos,W,3588,Saints,62,London B,16
440,14th Apr 1991,14,4,14-4,1991,33342,Warrington,H,L,St. Helens 62 - 16 Warrington,W,3588,Saints,62,Warrington,16
5050,22nd Apr 2019,22,4,22-4,2019,43577,Hull FC,H,SL,St. Helens 62 - 16 Hull FC,W,3588,Saints,62,Hull FC,16
4562,12th Aug 2005,12,8,12-8,2005,38576,Wakefield Trinity Wildcats,H,SL,St. Helens 60 - 4 Wakefield Trinity Wildcats,W,3584,Saints,60,Wakefield ,4
5200,10th May 2024,10,5,10-5,2024,45422,Castleford Tigers,A,SL,Castleford Tigers 4 - 60 St. Helens,W,3584,Castleford,4,Saints,60
5147,14th Aug 2022,14,8,14-8,2022,44787,Hull FC,A,SL,Hull FC 6 - 60 St. Helens,W,3564,Hull FC,6,Saints,60
3983,18th Nov 1984,18,11,18-11,1984,31004,Keighley,H,JP1,St. Helens 60 - 8 Keighley,W,3536,Saints,60,Keighley,8
150,4th May 1999,4,5,4-5,1999,36284,Leeds Rhinos,H,SL,St. Helens 62 - 18 Leeds Rhinos,W,3520,Saints,62,Leeds R,18
4184,12th Nov 1989,12,11,12-11,1989,32824,Barrow,H,L,St. Helens 62 - 18 Barrow,W,3520,Saints,62,Barrow,18
5011,26th Apr 2018,26,4,26-4,2018,43216,Salford Red Devils,A,SL,Salford Red Devils 10 - 60 St. Helens,W,3500,Salford R,10,Saints,60
2956,1st Sep 1962,1,9,1-9,1962,22890,Salford,H,WDC,St. Helens 59 - 0 Salford,W,3481,Saints,59,Salford,0
3982,11th Nov 1984,11,11,11-11,1984,30997,Barrow,H,L,St. Helens 59 - 2 Barrow,W,3477,Saints,59,Barrow,2
2710,26th Jan 1957,26,1,26-1,1957,20846,Barrow,H,L,St. Helens 59 - 5 Barrow,W,3456,Saints,59,Barrow,5
538,20th Mar 1897,20,3,20-3,1897,692946,Lees,H,CC1,St. Helens 58 - 0 Lees,W,3364,Saints,58,Lees,0
4225,20th Jun 2003,20,6,20-6,2003,37792,Halifax,H,SL,St. Helens 58 - 2 Halifax,W,3360,Saints,58,Halifax,2
239,16th Jun 1996,16,6,16-6,1996,35232,Workington Town,H,SL,St. Helens 60 - 16 Workington Town,W,3344,Saints,60,Workington,16
4544,8th Apr 2005,8,4,8-4,2005,38450,Leigh Centurions,H,SL,St. Helens 60 - 16 Leigh Centurions,W,3344,Saints,60,Leigh C,16
2690,29th Sep 1956,29,9,29-9,1956,20727,Blackpool Borough,A,L,Blackpool Borough 5 - 58 St. Helens,W,3339,Blackpool ,5,Saints,58
176,14th Jun 1998,14,6,14-6,1998,35960,London Broncos,H,SL,St. Helens 58 - 6 London Broncos,W,3328,Saints,58,London B,6
242,27th May 1996,27,5,27-5,1996,35212,Castleford Tigers,H,SL,St. Helens 62 - 24 Castleford Tigers,W,3268,Saints,62,Castleford,24
267,3rd Dec 1995,3,12,3-12,1995,35036,Workington Town,H,L,St. Helens 58 - 10 Workington Town,W,3264,Saints,58,Workington,10
4654,11th Apr 2008,11,4,11-4,2008,39549,Harlequins RL,H,SL,St. Helens 58 - 12 Harlequins RL,W,3220,Saints,58,Harlequins,12
2819,17th Aug 1959,17,8,17-8,1959,21779,Blackpool Borough,H,L,St. Helens 59 - 17 Blackpool Borough,W,3192,Saints,59,Blackpool ,17
154,5th Apr 1999,5,4,5-4,1999,36255,Bradford Bulls,H,SL,St. Helens 58 - 14 Bradford Bulls,W,3168,Saints,58,Bradford B,14
2682,20th Aug 1956,20,8,20-8,1956,20687,Liverpool City,A,L,Liverpool City 5 - 56 St. Helens,W,3111,Liverpool ,5,Saints,56
254,4th Feb 1996,4,2,4-2,1996,35099,Castleford Tigers,A,SCCC4,Castleford Tigers 16 - 58 St. Helens,W,3108,Castleford,16,Saints,58
4876,19th Jul 2014,19,7,19-7,2014,41839,London Broncos,A,SL,London Broncos 16 - 58 St. Helens,W,3108,London B,16,Saints,58
13,21st Apr 2003,21,4,21-4,2003,37732,Warrington Wolves,H,SL,St. Helens 56 - 6 Warrington Wolves,W,3100,Saints,56,Warrington,6
36,24th May 2002,24,5,24-5,2002,37400,Widnes Vikings,H,SL,St. Helens 56 - 6 Widnes Vikings,W,3100,Saints,56,Widnes V,6
4598,4th Aug 2006,4,8,4-8,2006,38933,Huddersfield Giants,H,SL,St. Helens 56 - 8 Huddersfield Giants,W,3072,Saints,56,Huddersfld,8
4028,11th Dec 1985,11,12,11-12,1985,31392,Hull,H,JP3,St. Helens 57 - 14 Hull,W,3053,Saints,57,Hull,14
4507,30th Apr 2004,30,4,30-4,2004,38107,Leeds Rhinos,H,SL,St. Helens 56 - 10 Leeds Rhinos,W,3036,Saints,56,Leeds R,10
4589,3rd Jun 2006,3,6,3-6,2006,38871,Catalans Dragons,H,PCC6,St. Helens 56 - 10 Catalans Dragons,W,3036,Saints,56,Catalans D,10
234,14th Jul 1996,14,7,14-7,1996,35260,Halifax Blue Sox,H,SL,St. Helens 58 - 20 Halifax Blue Sox,W,2964,Saints,58,Halifax B,20
255,11th Feb 1996,11,2,11-2,1996,35106,Rochdale Hornets,A,SCCC5,Rochdale Hornets 20 - 58 St. Helens,W,2964,Rochdale H,20,Saints,58
271,5th Nov 1995,5,11,5-11,1995,35008,Halifax,H,L,St. Helens 58 - 20 Halifax,W,2964,Saints,58,Halifax,20
4663,13th Jun 2008,13,6,13-6,2008,39612,Bradford Bulls,H,SL,St. Helens 58 - 20 Bradford Bulls,W,2964,Saints,58,Bradford B,20
287,2nd Apr 1995,2,4,2-4,1995,34791,Wakefield Trinity,H,L,St. Helens 56 - 14 Wakefield Trinity,W,2940,Saints,56,Wakefield ,14
4666,5th Jul 2008,5,7,5-7,2008,39634,Harlequins RL,A,SL,Harlequins RL 0 - 54 St. Helens,W,2916,Harlequins,0,Saints,54
4730,2nd May 2010,2,5,2-5,2010,40300,Hull Kingston Rovers,H,SL,St. Helens 54 - 0 Hull Kingston Rovers,W,2916,Saints,54,Hull K,0
4807,8th Jun 2012,8,6,8-6,2012,41068,Bradford Bulls,H,SL,St. Helens 54 - 0 Bradford Bulls,W,2916,Saints,54,Bradford B,0
348,7th Nov 1993,7,11,7-11,1993,34280,Bradford Northern,H,L,St. Helens 54 - 3 Bradford Northern,W,2907,Saints,54,Bradford N,3
1520,27th Nov 1926,27,11,27-11,1926,9828,York,H,L,St. Helens 54 - 3 York,W,2907,Saints,54,York,3
4629,30th Jun 2007,30,6,30-6,2007,39263,Huddersfield Giants,H,SL,St. Helens 54 - 4 Huddersfield Giants,W,2900,Saints,54,Huddersfld,4
7,16th Mar 2003,16,3,16-3,2003,37696,Salford City Reds,A,PCC6,Salford City Reds 6 - 54 St. Helens,W,2880,Salford C,6,Saints,54
3992,3rd Feb 1985,3,2,3-2,1985,31081,Leigh,H,L,St. Helens 56 - 16 Leigh,W,2880,Saints,56,Leigh,16
4777,24th Jul 2011,24,7,24-7,2011,40748,Hull Kingston Rovers,H,RLCC6,St. Helens 54 - 6 Hull Kingston Rovers,W,2880,Saints,54,Hull K,6
226,23rd Feb 1997,23,2,23-2,1997,35484,Hull,H,SCCC5,St. Helens 54 - 8 Hull,W,2852,Saints,54,Hull,8
146,23rd May 1999,23,5,23-5,1999,36303,Warrington Wolves,H,SL,St. Helens 57 - 20 Warrington Wolves,W,2849,Saints,57,Warrington,20
64,29th Jul 2001,29,7,29-7,2001,37101,Salford City Reds,A,SL,Salford City Reds 18 - 56 St. Helens,W,2812,Salford C,18,Saints,56
2669,24th Mar 1956,24,3,24-3,1956,20538,Bradford Northern,H,CC3,St. Helens 53 - 6 Bradford Northern,W,2773,Saints,53,Bradford N,6
8,21st Mar 2003,21,3,21-3,2003,37701,Castleford Tigers,H,SL,St. Helens 54 - 12 Castleford Tigers,W,2772,Saints,54,Castleford,12
260,7th Jan 1996,7,1,7-1,1996,35071,Warrington,H,L,St. Helens 54 - 14 Warrington,W,2720,Saints,54,Warrington,14
2893,4th Mar 1961,4,3,4-3,1961,22344,Liverpool City,A,L,Liverpool City 2 - 52 St. Helens,W,2700,Liverpool ,2,Saints,52
3305,26th Dec 1969,26,12,26-12,1969,25563,Wigan,A,L,Wigan 11 - 53 St. Helens,W,2688,Wigan,11,Saints,53
2747,21st Dec 1957,21,12,21-12,1957,21175,Wakefield Trinity,H,L,St. Helens 52 - 5 Wakefield Trinity,W,2679,Saints,52,Wakefield ,5
4762,15th Apr 2011,15,4,15-4,2011,40648,Wakefield Trinity Wildcats,H,SL,St. Helens 52 - 6 Wakefield Trinity Wildcats,W,2668,Saints,52,Wakefield ,6
4890,12th Feb 2015,12,2,12-2,2015,42047,Salford Red Devils,A,SL,Salford Red Devils 6 - 52 St. Helens,W,2668,Salford R,6,Saints,52
84,9th Mar 2001,9,3,9-3,2001,36959,Huddersfield Giants,H,SCCC6,St. Helens 54 - 16 Huddersfield Giants,W,2660,Saints,54,Huddersfld,16
4754,18th Feb 2011,18,2,18-2,2011,40592,Salford City Reds,A,SL,Salford City Reds 22 - 56 St. Helens,W,2652,Salford C,22,Saints,56
4514,11th Jun 2004,11,6,11-6,2004,38149,Castleford Tigers,H,SL,St. Helens 52 - 8 Castleford Tigers,W,2640,Saints,52,Castleford,8
241,2nd Jun 1996,2,6,2-6,1996,35218,Paris St.Germain,H,SL,St. Helens 52 - 10 Paris St.Germain,W,2604,Saints,52,Paris S,10
325,10th Apr 1994,10,4,10-4,1994,34434,Hull,H,L,St. Helens 52 - 10 Hull,W,2604,Saints,52,Hull,10
4662,6th Jun 2008,6,6,6-6,2008,39605,Hull Kingston Rovers,H,SL,St. Helens 52 - 10 Hull Kingston Rovers,W,2604,Saints,52,Hull K,10
4841,21st Jun 2013,21,6,21-6,2013,41446,Salford City Reds,A,SL,Salford City Reds 10 - 52 St. Helens,W,2604,Salford C,10,Saints,52
3684,11th Oct 1977,11,10,11-10,1977,28409,Dewsbury,H,FT1,St. Helens 51 - 0 Dewsbury,W,2601,Saints,51,Dewsbury,0
3789,23rd Dec 1979,23,12,23-12,1979,29212,Workington Town,H,L,St. Helens 51 - 0 Workington Town,W,2601,Saints,51,Workington,0
296,22nd Jan 1995,22,1,22-1,1995,34721,Hull,H,L,St. Helens 54 - 18 Hull,W,2592,Saints,54,Hull,18
4603,9th Sep 2006,9,9,9-9,2006,38969,Leeds Rhinos,H,SL,St. Helens 54 - 18 Leeds Rhinos,W,2592,Saints,54,Leeds R,18
2699,1st Dec 1956,1,12,1-12,1956,20790,Huddersfield,H,L,St. Helens 51 - 4 Huddersfield,W,2585,Saints,51,Huddersfld,4
305,4th Dec 1994,4,12,4-12,1994,34672,Huddersfield,A,RT2,Huddersfield 11 - 52 St. Helens,W,2583,Huddersfld,11,Saints,52
1510,7th Oct 1926,7,10,7-10,1926,9777,Pemberton,H,LC1,St. Helens 51 - 8 Pemberton,W,2537,Saints,51,Pemberton,8
1822,16th Oct 1933,16,10,16-10,1933,12343,Rochdale Hornets,H,LC2,St. Helens 52 - 14 Rochdale Hornets,W,2508,Saints,52,Rochdale H,14
2530,17th Jan 1953,17,1,17-1,1953,19376,Bramley,H,L,St. Helens 52 - 14 Bramley,W,2508,Saints,52,Bramley,14
163,25th Sep 1998,25,9,25-9,1998,36063,Sheffield Eagles,H,SL,St. Helens 50 - 0 Sheffield Eagles,W,2500,Saints,50,Sheffield ,0
2108,30th Nov 1940,30,11,30-11,1940,14945,Leigh,H,WEL,St. Helens 50 - 0 Leigh,W,2500,Saints,50,Leigh,0
3398,18th Oct 1971,18,10,18-10,1971,26224,Oldham,H,L,St. Helens 50 - 2 Oldham,W,2496,Saints,50,Oldham,2
4742,25th Jul 2010,25,7,25-7,2010,40384,Wakefield Trinity Wildcats,A,SL,Wakefield Trinity Wildcats 6 - 50 St. Helens,W,2464,Wakefield ,6,Saints,50
2643,1st Oct 1955,1,10,1-10,1955,20363,Blackpool Borough,H,L,St. Helens 53 - 19 Blackpool Borough,W,2448,Saints,53,Blackpool ,19
1728,26th Sep 1931,26,9,26-9,1931,11592,Dewsbury,H,L,St. Helens 49 - 0 Dewsbury,W,2401,Saints,49,Dewsbury,0
4066,23rd Nov 1986,23,11,23-11,1986,31739,Hull,H,L,St. Helens 50 - 10 Hull,W,2400,Saints,50,Hull,10
4699,12th Jun 2009,12,6,12-6,2009,39976,Castleford Tigers,H,SL,St. Helens 50 - 10 Castleford Tigers,W,2400,Saints,50,Castleford,10
1275,3rd Apr 1920,3,4,3-4,1920,7399,Wakefield Trinity,H,L,St. Helens 49 - 2 Wakefield Trinity,W,2397,Saints,49,Wakefield ,2
3673,21st Aug 1977,21,8,21-8,1977,28358,Swinton,H,LC1,St. Helens 49 - 3 Swinton,W,2392,Saints,49,Swinton,3
4828,15th Mar 2013,15,3,15-3,2013,41348,Wakefield Trinity Wildcats,H,SL,St. Helens 52 - 18 Wakefield Trinity Wildcats,W,2380,Saints,52,Wakefield ,18
4181,15th Oct 1989,15,10,15-10,1989,32796,Featherstone Rovers,H,L,St. Helens 50 - 11 Featherstone Rovers,W,2379,Saints,50,Feathersto,11
4121,21st Feb 1988,21,2,21-2,1988,32194,Leigh,A,L,Leigh 12 - 50 St. Helens,W,2356,Leigh,12,Saints,50
2318,7th Feb 1948,7,2,7-2,1948,17570,Bustlingthorpe Vale,H,CC1(1),St. Helens 48 - 0 Bustlingthorpe Vale,W,2304,Saints,48,Bthorpe V,0
5051,28th Apr 2019,28,4,28-4,2019,43583,Catalans Dragons,H,SL,St. Helens 50 - 14 Catalans Dragons,W,2304,Saints,50,Catalans D,14
5081,9th Aug 2020,9,8,9-8,2020,44052,Leeds Rhinos,A,SL,Leeds Rhinos 0 - 48 St. Helens,W,2304,Leeds R,0,Saints,48
5094,20th Nov 2020,20,11,20-11,2020,44155, Catalans Dragons,H,SLSF,St. Helens 48 - 2 Catalans Dragons,W,2300,Saints,48,Catalans D,2
1513,23rd Oct 1926,23,10,23-10,1926,9793,Rochdale Hornets,H,L,St. Helens 48 - 3 Rochdale Hornets,W,2295,Saints,48,Rochdale H,3
4618,9th Apr 2007,9,4,9-4,2007,39181,Salford City Reds,H,SL,St. Helens 48 - 4 Salford City Reds,W,2288,Saints,48,Salford C,4
2691,22nd Sep 1956,22,9,22-9,1956,20720,Rochdale Hornets,H,L,St. Helens 49 - 11 Rochdale Hornets,W,2280,Saints,49,Rochdale H,11
2667,3rd Mar 1956,3,3,3-3,1956,20517,Castleford,H,CC2,St. Helens 48 - 5 Castleford,W,2279,Saints,48,Castleford,5
37,19th May 2002,19,5,19-5,2002,37395,Wakefield Trinity Wildcats,A,SL,Wakefield Trinity Wildcats 6 - 48 St. Helens,W,2268,Wakefield ,6,Saints,48
5070,6th Sep 2019,6,9,6-9,2019,43714,Huddersfield Giants,H,SL,St. Helens 48 - 6 Huddersfield Giants,W,2268,Saints,48,Huddersfld,6
392,27th Sep 1992,27,9,27-9,1992,33874,Salford,H,L,St. Helens 48 - 8 Salford,W,2240,Saints,48,Salford,8
5074,31st Jan 2020,31,1,31-1,2020,43861,Salford Red Devils,H,SL,St. Helens 48 - 8 Salford Red Devils,W,2240,Saints,48,Salford R,8
4738,25th Jun 2010,25,6,25-6,2010,40354,Salford City Reds,H,SL,St. Helens 58 - 34 Salford City Reds,W,2208,Saints,58,Salford C,34
2880,26th Nov 1960,26,11,26-11,1960,22246,Workington Town,H,L,St. Helens 47 - 2 Workington Town,W,2205,Saints,47,Workington,2
5056,1st Jun 2019,1,6,1-6,2019,43617,Wakefield Trinity,H,RLCCQF,St. Helens 48 - 10 Wakefield Trinity,W,2204,Saints,48,Wakefield ,10
3277,3rd May 1969,3,5,3-5,1969,25326,Featherstone Rovers,H,Ch2,St. Helens 47 - 4 Featherstone Rovers,W,2193,Saints,47,Feathersto,4
4052,31st Aug 1986,31,8,31-8,1986,31655,Leigh,H,L,St. Helens 50 - 18 Leigh,W,2176,Saints,50,Leigh,18
3442,28th Aug 1972,28,8,28-8,1972,26539,Huyton,A,L,Huyton 6 - 47 St. Helens,W,2173,Huyton,6,Saints,47
174,28th Jun 1998,28,6,28-6,1998,35974,Salford Reds,H,SL,St. Helens 48 - 12 Salford Reds,W,2160,Saints,48,Salford R,12
4076,5th Feb 1987,5,2,5-2,1987,31813,Dewsbury,A,CC1,Dewsbury 12 - 48 St. Helens,W,2160,Dewsbury,12,Saints,48
4526,27th Aug 2004,27,8,27-8,2004,38226,Huddersfield Giants,H,SL,St. Helens 48 - 12 Huddersfield Giants,W,2160,Saints,48,Huddersfld,12
2559,19th Sep 1953,19,9,19-9,1953,19621,Bramley,H,L,St. Helens 49 - 16 Bramley,W,2145,Saints,49,Bramley,16
3590,9th Nov 1975,9,11,9-11,1975,27707,Batley,H,JP2,St. Helens 47 - 9 Batley,W,2128,Saints,47,Batley,9
2552,15th Aug 1953,15,8,15-8,1953,19586,Liverpool City,A,L,Liverpool City 0 - 46 St. Helens,W,2116,Liverpool ,0,Saints,46
2435,2nd Dec 1950,2,12,2-12,1950,18599,Whitehaven,H,L,St. Helens 47 - 10 Whitehaven,W,2109,Saints,47,Whitehaven,10
222,22nd Mar 1997,22,3,22-3,1997,35511,Salford Reds,H,SCCCSF,St. Helens 50 - 20 Salford Reds,W,2100,Saints,50,Salford R,20
332,13th Feb 1994,13,2,13-2,1994,34378,Whitehaven,A,CC5,Whitehaven 4 - 46 St. Helens,W,2100,Whitehaven,4,Saints,46
5128,26th Mar 2022,26,3,26-3,2022,44646,Whitehaven,A,RLCC6,Whitehaven 4 - 46 St. Helens,W,2100,Whitehaven,4,Saints,46
4506,25th Apr 2004,25,4,25-4,2004,38102,Huddersfield Giants,H,PCCSF,St. Helens 46 - 6 Huddersfield Giants,W,2080,Saints,46,Huddersfld,6
4775,10th Jul 2011,10,7,10-7,2011,40734,Wakefield Trinity Wildcats,A,SL,Wakefield Trinity Wildcats 6 - 46 St. Helens,W,2080,Wakefield ,6,Saints,46
4795,25th Mar 2012,25,3,25-3,2012,40993,Leeds Rhinos,H,SL,St. Helens 46 - 6 Leeds Rhinos,W,2080,Saints,46,Leeds R,6
4904,15th May 2015,15,5,15-5,2015,42139,York City Knights,H,RLCC5,St. Helens 46 - 6 York City Knights,W,2080,Saints,46,York C,6
4999,2nd Feb 2018,2,2,2-2,2018,43133,Castleford Tigers,H,SL,St. Helens 46 - 6 Castleford Tigers,W,2080,Saints,46,Castleford,6
5220,22nd Feb 2025,22,2,22-2,2025,45710,Castleford Tigers,A,SL,Castleford Tigers 6 - 46 St. Helens,W,2080,Castleford,6,Saints,46
3987,9th Dec 1984,9,12,9-12,1984,31025,Leeds,H,L,St. Helens 48 - 16 Leeds,W,2048,Saints,48,Leeds,16
4945,17th Jun 2016,17,6,17-6,2016,42538,Hull Kingston Rovers,H,SL,St. Helens 48 - 16 Hull Kingston Rovers,W,2048,Saints,48,Hull K,16
4105,1st Nov 1987,1,11,1-11,1987,32082,Auckland,H,Tour,St. Helens 52 - 26 Auckland,W,2028,Saints,52,Auckland,26
4766,7th May 2011,7,5,7-5,2011,40670,Sheffield Eagles,H,RLCC4,St. Helens 52 - 26 Sheffield Eagles,W,2028,Saints,52,Sheffield ,26
4973,20th May 2017,20,5,20-5,2017,42875,Hull FC,H,SL,St. Helens 45 - 0 Hull FC,W,2025,Saints,45,Hull FC,0
25,16th Aug 2002,16,8,16-8,2002,37484,Bradford Bulls,A,SL,Bradford Bulls 22 - 50 St. Helens,W,2016,Bradford B,22,Saints,50
301,20th Dec 1994,20,12,20-12,1994,34688,Batley,H,RT3rep,St. Helens 50 - 22 Batley,W,2016,Saints,50,Batley,22
314,18th Sep 1994,18,9,18-9,1994,34595,Castleford,H,L,St. Helens 47 - 14 Castleford,W,2013,Saints,47,Castleford,14
3546,20th Oct 1974,20,10,20-10,1974,27322,Halifax,A,L,Halifax 15 - 47 St. Helens,W,1984,Halifax,15,Saints,47
4831,1st Apr 2013,1,4,1-4,2013,41365,Castleford Tigers,H,SL,St. Helens 48 - 18 Castleford Tigers,W,1980,Saints,48,Castleford,18
4866,1st May 2014,1,5,1-5,2014,41760,London Broncos,H,SL,St. Helens 48 - 18 London Broncos,W,1980,Saints,48,London B,18
99,6th Aug 2000,6,8,6-8,2000,36744,London Broncos,H,SL,St. Helens 46 - 12 London Broncos,W,1972,Saints,46,London B,12
4539,11th Mar 2005,11,3,11-3,2005,38422,Salford City Reds,H,SL,St. Helens 46 - 12 Salford City Reds,W,1972,Saints,46,Salford C,12
2916,16th Sep 1961,16,9,16-9,1961,22540,Whitehaven,H,L,St. Helens 44 - 0 Whitehaven,W,1936,Saints,44,Whitehaven,0
2698,24th Nov 1956,24,11,24-11,1956,20783,Australia,H,Tour,St. Helens 44 - 2 Australia,W,1932,Saints,44,Australia,2
2718,6th Apr 1957,6,4,6-4,1957,20916,Leeds,H,L,St. Helens 44 - 3 Leeds,W,1927,Saints,44,Leeds,3
4621,29th Apr 2007,29,4,29-4,2007,39201,Harlequins RL,A,SL,Harlequins RL 6 - 44 St. Helens,W,1900,Harlequins,6,Saints,44
2100,5th Oct 1940,5,10,5-10,1940,14889,Leigh,H,WEL,St. Helens 44 - 8 Leigh,W,1872,Saints,44,Leigh,8
4665,29th Jun 2008,29,6,29-6,2008,39628,Huddersfield Giants,H,SL,St. Helens 46 - 16 Huddersfield Giants,W,1860,Saints,46,Huddersfld,16
2324,27th Mar 1948,27,3,27-3,1948,17619,York,H,L,St. Helens 44 - 10 York,W,1836,Saints,44,York,10
4203,25th Feb 1990,25,2,25-2,1990,32929,Whitehaven,H,CC3,St. Helens 44 - 10 Whitehaven,W,1836,Saints,44,Whitehaven,10
265,10th Dec 1995,10,12,10-12,1995,35043,Halifax,H,RT4,St. Helens 46 - 18 Halifax,W,1792,Saints,46,Halifax,18
2913,2nd Sep 1961,2,9,2-9,1961,22526,Leigh,H,LC1,St. Helens 43 - 8 Leigh,W,1785,Saints,43,Leigh,8
859,25th Dec 1906,25,12,25-12,1906,2551,Liverpool City,H,L,St. Helens 42 - 0 Liverpool City,W,1764,Saints,42,Liverpool ,0
3348,19th Oct 1970,19,10,19-10,1970,25860,Bradford Northern,H,L,St. Helens 42 - 0 Bradford Northern,W,1764,Saints,42,Bradford N,0
3331,22nd Aug 1970,22,8,22-8,1970,25802,Bradford Northern,A,L,Bradford Northern 3 - 42 St. Helens,W,1755,Bradford N,3,Saints,42
463,25th Nov 1990,25,11,25-11,1990,33202,Rochdale Hornets,H,L,St. Helens 44 - 14 Rochdale Hornets,W,1740,Saints,44,Rochdale H,14
3777,9th Oct 1979,9,10,9-10,1979,29137,Rochdale Hornets,H,FT1,St. Helens 45 - 17 Rochdale Hornets,W,1736,Saints,45,Rochdale H,17
935,13th Mar 1909,13,3,13-3,1909,3360,Aberdare,A,L,Aberdare 18 - 45 St. Helens,W,1701,Aberdare,18,Saints,45
363,4th Apr 1993,4,4,4-4,1993,34063,Leeds,H,L,St. Helens 42 - 8 Leeds,W,1700,Saints,42,Leeds,8
2098,21st Sep 1940,21,9,21-9,1940,14875,Swinton,H,WEL,St. Helens 41 - 0 Swinton,W,1681,Saints,41,Swinton,0
2340,23rd Sep 1948,23,9,23-9,1948,17799,Liverpool Stanley,H,L,St. Helens 41 - 0 Liverpool Stanley,W,1681,Saints,41,Liverpool ,0
3441,25th Aug 1972,25,8,25-8,1972,26536,Huyton,H,L,St. Helens 41 - 2 Huyton,W,1677,Saints,41,Huyton,2
4075,25th Jan 1987,25,1,25-1,1987,31802,Featherstone Rovers,H,L,St. Helens 43 - 14 Featherstone Rovers,W,1653,Saints,43,Feathersto,14
376,27th Dec 1992,27,12,27-12,1992,33965,Wigan,H,L,St. Helens 41 - 6 Wigan,W,1645,Saints,41,Wigan,6
63,22nd Jul 2001,22,7,22-7,2001,37094,Halifax Blue Sox,A,SL,Halifax Blue Sox 22 - 46 St. Helens,W,1632,Halifax B,22,Saints,46
3876,28th Feb 1982,28,2,28-2,1982,30010,Whitehaven,H,L,St. Helens 41 - 7 Whitehaven,W,1632,Saints,41,Whitehaven,7
404,29th Mar 1992,29,3,29-3,1992,33692,Hull,H,L,St. Helens 42 - 12 Hull,W,1620,Saints,42,Hull,12
2785,8th Nov 1958,8,11,8-11,1958,21497,Rochdale Hornets,H,L,St. Helens 42 - 12 Rochdale Hornets,W,1620,Saints,42,Rochdale H,12
4719,20th Feb 2010,20,2,20-2,2010,40229,Catalans Dragons,A,SL,Catalans Dragons 12 - 42 St. Helens,W,1620,Catalans D,12,Saints,42
5140,23rd Jun 2022,23,6,23-6,2022,44735,Leeds Rhinos,H,SL,St. Helens 42 - 12 Leeds Rhinos,W,1620,Saints,42,Leeds R,12
386,27th Oct 1992,27,10,27-10,1992,33904,Huddersfield,H,RTP,St. Helens 44 - 18 Huddersfield,W,1612,Saints,44,Huddersfld,18
2685,29th Aug 1956,29,8,29-8,1956,20696,Salford,H,L,St. Helens 40 - 0 Salford,W,1600,Saints,40,Salford,0
4108,22nd Nov 1987,22,11,22-11,1987,32103,Mansfield Marksmen,H,JP2,St. Helens 40 - 0 Mansfield Marksmen,W,1600,Saints,40,Mansfield ,0
2840,12th Dec 1959,12,12,12-12,1959,21896,Rochdale Hornets,A,L,Rochdale Hornets 4 - 40 St. Helens,W,1584,Rochdale H,4,Saints,40
1983,24th Apr 1937,24,4,24-4,1937,13629,Newcastle,H,L,St. Helens 41 - 10 Newcastle,W,1581,Saints,41,Newcastle,10
3272,7th Apr 1969,7,4,7-4,1969,25300,Swinton,H,L,St. Helens 40 - 5 Swinton,W,1575,Saints,40,Swinton,5
3978,17th Oct 1984,17,10,17-10,1984,30972,Halifax,H,L,St. Helens 42 - 14 Halifax,W,1568,Saints,42,Halifax,14
4615,23rd Mar 2007,23,3,23-3,2007,39164,Hull Kingston Rovers,H,SL,St. Helens 42 - 14 Hull Kingston Rovers,W,1568,Saints,42,Hull K,14
52,10th Feb 2002,10,2,10-2,2002,37297,Oldham,A,KNGCC4,Oldham 6 - 40 St. Helens,W,1564,Oldham,6,Saints,40
2845,9th Jan 1960,9,1,9-1,1960,21924,Warrington,H,L,St. Helens 40 - 6 Warrington,W,1564,Saints,40,Warrington,6
3603,20th Jan 1976,20,1,20-1,1976,27779,Swinton,H,L,St. Helens 40 - 6 Swinton,W,1564,Saints,40,Swinton,6
2342,2nd Oct 1948,2,10,2-10,1948,17808,Hunslet,H,L,St. Helens 41 - 11 Hunslet,W,1560,Saints,41,Hunslet,11
3047,5th Sep 1964,5,9,5-9,1964,23625,Liverpool City,A,LC1,Liverpool City 11 - 41 St. Helens,W,1560,Liverpool ,11,Saints,41
3939,6th Nov 1983,6,11,6-11,1983,30626,Kent Invicta,A,JP1,Kent Invicta 7 - 40 St. Helens,W,1551,Kent I,7,Saints,40
65,13th Jul 2001,13,7,13-7,2001,37085,Leeds Rhinos,H,SL,St. Helens 46 - 24 Leeds Rhinos,W,1540,Saints,46,Leeds R,24
2009,19th Feb 1938,19,2,19-2,1938,13930,Pendlebury Juniors,H,CC1,St. Helens 39 - 0 Pendlebury Juniors,W,1521,Saints,39,Pendlebury,0
3336,12th Sep 1970,12,9,12-9,1970,25823,Huddersfield,H,L,St. Helens 39 - 0 Huddersfield,W,1521,Saints,39,Huddersfld,0
331,27th Feb 1994,27,2,27-2,1994,34392,Doncaster,H,CC6,St. Helens 40 - 9 Doncaster,W,1519,Saints,40,Doncaster,9
3950,15th Jan 1984,15,1,15-1,1984,30696,Whitehaven,H,L,St. Helens 40 - 10 Whitehaven,W,1500,Saints,40,Whitehaven,10
4208,17th Mar 1990,17,3,17-3,1990,32949,Wakefield Trinity,H,L,St. Helens 44 - 21 Wakefield Trinity,W,1495,Saints,44,Wakefield ,21
34,7th Jun 2002,7,6,7-6,2002,37414,Leeds Rhinos,A,SL,Leeds Rhinos 14 - 41 St. Helens,W,1485,Leeds R,14,Saints,41
2829,3rd Oct 1959,3,10,3-10,1959,21826,Salford,H,L,St. Helens 40 - 11 Salford,W,1479,Saints,40,Salford,11
412,19th Jan 1992,19,1,19-1,1992,33622,Wakefield Trinity,H,L,St. Helens 40 - 12 Wakefield Trinity,W,1456,Saints,40,Wakefield ,12
4515,18th Jun 2004,18,6,18-6,2004,38156,Widnes Vikings,A,SL,Widnes Vikings 12 - 40 St. Helens,W,1456,Widnes V,12,Saints,40
4625,28th May 2007,28,5,28-5,2007,39230,Warrington Wolves,A,SL,Warrington Wolves 12 - 40 St. Helens,W,1456,Warrington,12,Saints,40
5044,14th Mar 2019,14,3,14-3,2019,43538,Huddersfield Giants,A,SL,Huddersfield Giants 12 - 40 St. Helens,W,1456,Huddersfld,12,Saints,40
101,21st Jul 2000,21,7,21-7,2000,36728,Castleford Tigers,H,SL,St. Helens 42 - 18 Castleford Tigers,W,1440,Saints,42,Castleford,18
253,24th Feb 1996,24,2,24-2,1996,35119,Salford Reds,A,SCCC6,Salford Reds 26 - 46 St. Helens,W,1440,Salford R,26,Saints,46
4778,31st Jul 2011,31,7,31-7,2011,40755,Castleford Tigers,A,SL,Castleford Tigers 26 - 46 St. Helens,W,1440,Castleford,26,Saints,46
4053,3rd Sep 1986,3,9,3-9,1986,31658,Salford,A,L,Salford 4 - 38 St. Helens,W,1428,Salford,4,Saints,38
4990,23rd Jul 2017,23,7,23-7,2017,42939,Wakefield Trinity,A,SL,Wakefield Trinity 16 - 41 St. Helens,W,1425,Wakefield ,16,Saints,41
4593,2nd Jul 2006,2,7,2-7,2006,38900,Wakefield Trinity Wildcats,A,SL,Wakefield Trinity Wildcats 36 - 52 St. Helens,W,1408,Wakefield ,36,Saints,52
2572,5th Dec 1953,5,12,5-12,1953,19698,Belle Vue Rangers,H,L,St. Helens 38 - 7 Belle Vue Rangers,W,1395,Saints,38,Belle V,7
1737,28th Nov 1931,28,11,28-11,1931,11655,Warrington,H,L,St. Helens 38 - 8 Warrington,W,1380,Saints,38,Warrington,8
4195,14th Jan 1990,14,1,14-1,1990,32887,Castleford,H,CCP,St. Helens 39 - 12 Castleford,W,1377,Saints,39,Castleford,12
3060,21st Nov 1964,21,11,21-11,1964,23702,Barrow,H,L,St. Helens 37 - 3 Barrow,W,1360,Saints,37,Barrow,3
4886,30th Oct 1971,30,10,30-10,1971,26236,Bramley,H,L,St. Helens 37 - 4 Bramley,W,1353,Saints,37,Bramley,4
2529,3rd Jan 1953,3,1,3-1,1953,19362,Rochdale Hornets,H,L,St. Helens 37 - 5 Rochdale Hornets,W,1344,Saints,37,Rochdale H,5
2950,23rd Apr 1962,23,4,23-4,1962,22759,Blackpool Borough,H,L,St. Helens 37 - 5 Blackpool Borough,W,1344,Saints,37,Blackpool ,5
3312,2nd Mar 1970,2,3,2-3,1970,25629,Whitehaven,H,L,St. Helens 37 - 5 Whitehaven,W,1344,Saints,37,Whitehaven,5
3589,22nd Oct 1975,22,10,22-10,1975,27689,Whitehaven,H,FT1,St. Helens 38 - 10 Whitehaven,W,1344,Saints,38,Whitehaven,10
4183,4th Nov 1989,4,11,4-11,1989,32816,Salford,H,L,St. Helens 40 - 16 Salford,W,1344,Saints,40,Salford,16
4954,8th Sep 2016,8,9,8-9,2016,42621,Castleford Tigers,H,SL,St. Helens 40 - 16 Castleford Tigers,W,1344,Saints,40,Castleford,16
2703,22nd Dec 1956,22,12,22-12,1956,20811,Whitehaven,H,L,St. Helens 37 - 6 Whitehaven,W,1333,Saints,37,Whitehaven,6
3265,6th Mar 1969,6,3,6-3,1969,25268,Huyton,H,L,St. Helens 37 - 6 Huyton,W,1333,Saints,37,Huyton,6
3346,13th Oct 1970,13,10,13-10,1970,25854,Warrington,H,L,St. Helens 37 - 6 Warrington,W,1333,Saints,37,Warrington,6
4986,16th Jul 2017,16,7,16-7,2017,42932,Catalans Dragons,H,Sl,St. Helens 46 - 28 Catalans Dragons,W,1332,Saints,46,Catalans D,28
3404,13th Nov 1971,13,11,13-11,1971,26250,Featherstone Rovers,H,JP1,St. Helens 37 - 7 Featherstone Rovers,W,1320,Saints,37,Feathersto,7
2789,6th Dec 1958,6,12,6-12,1958,21525,Leeds,H,L,St. Helens 38 - 12 Leeds,W,1300,Saints,38,Leeds,12
4022,3rd Nov 1985,3,11,3-11,1985,31354,Featherstone Rovers,A,L,Featherstone Rovers 12 - 38 St. Helens,W,1300,Feathersto,12,Saints,38
5048,12th Apr 2019,12,4,12-4,2019,43567,Warrington Wolves,H,SL,St. Helens 38 - 12 Warrington Wolves,W,1300,Saints,38,Warrington,12
5148,19th Aug 2022,19,8,19-8,2022,44792,Hull KR,H,SL,St. Helens 38 - 12 Hull KR,W,1300,Saints,38,Hull KR,12
4058,28th Sep 1986,28,9,28-9,1986,31683,Hull Kingston Rovers,A,L,Hull Kingston Rovers 4 - 36 St. Helens,W,1280,Hull K,4,Saints,36
4558,15th Jul 2005,15,7,15-7,2005,38548,Wigan Warriors,H,SL,St. Helens 40 - 18 Wigan Warriors,W,1276,Saints,40,Wigan W,18
1831,16th Dec 1933,16,12,16-12,1933,12404,Broughton Rangers,H,L,St. Helens 36 - 5 Broughton Rangers,W,1271,Saints,36,Broughton ,5
167,30th Aug 1998,30,8,30-8,1998,36037,Halifax Blue Sox,H,SL,St. Helens 36 - 6 Halifax Blue Sox,W,1260,Saints,36,Halifax B,6
1118,18th Apr 1914,18,4,18-4,1914,5222,Hunslet,H,L,St. Helens 36 - 6 Hunslet,W,1260,Saints,36,Hunslet,6
5020,6th Jul 2018,6,7,6-7,2018,43287,Widnes Vikings,H,SL,St. Helens 36 - 6 Widnes Vikings,W,1260,Saints,36,Widnes V,6
1564,17th Dec 1927,17,12,17-12,1927,10213,Leigh,H,L,St. Helens 37 - 11 Leigh,W,1248,Saints,37,Leigh,11
2288,31st May 1947,31,5,31-5,1947,17318,Barrow,H,L,St. Helens 36 - 7 Barrow,W,1247,Saints,36,Barrow,7
2740,26th Oct 1957,26,10,26-10,1957,21119,Leeds,H,L,St. Helens 36 - 7 Leeds,W,1247,Saints,36,Leeds,7
3678,11th Sep 1977,11,9,11-9,1977,28379,Castleford,H,L,St. Helens 39 - 17 Castleford,W,1232,Saints,39,Castleford,17
685,1st Feb 1902,1,2,1-2,1902,763,Altrincham,H,L,St. Helens 35 - 0 Altrincham,W,1225,Saints,35,Altrincham,0
2284,17th May 1947,17,5,17-5,1947,17304,Featherstone Rovers,H,L,St. Helens 35 - 0 Featherstone Rovers,W,1225,Saints,35,Feathersto,0
4226,27th Jun 2003,27,6,27-6,2003,37799,Bradford Bulls,A,SL,Bradford Bulls 0 - 35 St. Helens,W,1225,Bradford B,0,Saints,35
424,10th Nov 1991,10,11,10-11,1991,33552,Hull Kingston Rovers,H,L,St. Helens 38 - 15 Hull Kingston Rovers,W,1219,Saints,38,Hull K,15
2787,15th Nov 1958,15,11,15-11,1958,21504,Featherstone Rovers,A,L,Featherstone Rovers 9 - 36 St. Helens,W,1215,Feathersto,9,Saints,36
1734,31st Oct 1931,31,10,31-10,1931,11627,Bradford Northern,H,L,St. Helens 35 - 5 Bradford Northern,W,1200,Saints,35,Bradford N,5
2807,28th Mar 1959,28,3,28-3,1959,21637,Liverpool City,A,L,Liverpool City 20 - 40 St. Helens,W,1200,Liverpool ,20,Saints,40
3400,25th Oct 1971,25,10,25-10,1971,26231,Batley,H,L,St. Helens 35 - 5 Batley,W,1200,Saints,35,Batley,5
4054,7th Sep 1986,7,9,7-9,1986,31662,Leeds,A,L,Leeds 20 - 40 St. Helens,W,1200,Leeds,20,Saints,40
351,10th Oct 1993,10,10,10-10,1993,34252,Wakefield Trinity,H,L,St. Helens 36 - 10 Wakefield Trinity,W,1196,Saints,36,Wakefield ,10
4872,22nd Jun 2014,22,6,22-6,2014,41812,Castleford Tigers,H,SL,St. Helens 38 - 16 Castleford Tigers,W,1188,Saints,38,Castleford,16
1034,13th Jan 1912,13,1,13-1,1912,4396,Ebbw Vale,H,L,St. Helens 34 - 0 Ebbw Vale,W,1156,Saints,34,Ebbw Vale,0
3359,19th Dec 1970,19,12,19-12,1970,25921,Bramley,H,L,St. Helens 34 - 0 Bramley,W,1156,Saints,34,Bramley,0
49,8th Mar 2002,8,3,8-3,2002,37323,Salford Reds,H,SL,St. Helens 34 - 2 Salford Reds,W,1152,Saints,34,Salford R,2
4673,24th Aug 2008,24,8,24-8,2008,39684,Huddersfield Giants,A,SL,Huddersfield Giants 22 - 40 St. Helens,W,1116,Huddersfld,22,Saints,40
3147,30th Sep 1966,30,9,30-9,1966,24380,Whitehaven,H,L,St. Helens 35 - 12 Whitehaven,W,1081,Saints,35,Whitehaven,12
4230,27th Jul 2003,27,7,27-7,2003,37829,Wakefield Trinity Wildcats,A,SL,Wakefield Trinity Wildcats 15 - 36 St. Helens,W,1071,Wakefield ,15,Saints,36
2995,25th May 1963,25,5,25-5,1963,23156,Halifax,A,L,Halifax 5 - 33 St. Helens,W,1064,Halifax,5,Saints,33
3413,1st Jan 1972,1,1,1-1,1972,26299,Widnes,H,L,St. Helens 33 - 5 Widnes,W,1064,Saints,33,Widnes,5
3733,8th Oct 1978,8,10,8-10,1978,28771,Rochdale Hornets,H,L,St. Helens 33 - 5 Rochdale Hornets,W,1064,Saints,33,Rochdale H,5
75,9th May 2001,9,5,9-5,2001,37020,Castleford Tigers,H,SL,St. Helens 36 - 16 Castleford Tigers,W,1040,Saints,36,Castleford,16
5055,26th May 2019,26,5,26-5,2019,43611,Castleford Tigers,H,SL,St. Helens 36 - 16 Castleford Tigers,W,1040,Saints,36,Castleford,16
4633,28th Jul 2007,28,7,28-7,2007,39291,Bradford Bulls,H,CCCSF,St. Helens 35 - 14 Bradford Bulls,W,1029,Saints,35,Bradford B,14
5078,29th Feb 2020,29,2,29-2,2020,43890,Toronto Wolfpack,A,SL,Toronto Wolfpack 0 - 32 St. Helens,W,1024,Toronto W,0,Saints,32
1612,9th Feb 1929,9,2,9-2,1929,10633,Lindley,H,CC1,St. Helens 32 - 2 Lindley,W,1020,Saints,32,Lindley,2
2790,13th Dec 1958,13,12,13-12,1958,21532,Swinton,H,L,St. Helens 32 - 3 Swinton,W,1015,Saints,32,Swinton,3
4161,26th Feb 1989,26,2,26-2,1989,32565,Featherstone Rovers,H,CC3,St. Helens 32 - 3 Featherstone Rovers,W,1015,Saints,32,Feathersto,3
4061,12th Oct 1986,12,10,12-10,1986,31697,Barrow,A,L,Barrow 12 - 34 St. Helens,W,1012,Barrow,12,Saints,34
5112,7th Aug 2021,7,8,7-8,2021,44415,Catalans Dragons,H,SL,St. Helens 34 - 12 Catalans Dragons,W,1012,Saints,34,Catalans D,12
3979,21st Oct 1984,21,10,21-10,1984,30976,Oldham,H,L,St. Helens 32 - 5 Oldham,W,999,Saints,32,Oldham,5
5013,12th May 2018,12,5,12-5,2018,43232,Castleford Tigers,A,RLCC6,Castleford Tigers 18 - 36 St. Helens,W,972,Castleford,18,Saints,36
367,12th Mar 1993,12,3,12-3,1993,34040,Hull Kingston Rovers,H,L,St. Helens 34 - 14 Hull Kingston Rovers,W,960,Saints,34,Hull K,14
1914,16th Nov 1935,16,11,16-11,1935,13104,Bramley,H,L,St. Helens 31 - 3 Bramley,W,952,Saints,31,Bramley,3
334,6th Feb 1994,6,2,6-2,1994,34371,Castleford,H,L,St. Helens 33 - 12 Castleford,W,945,Saints,33,Castleford,12
423,17th Nov 1991,17,11,17-11,1991,33559,Huddersfield,A,RT1,Huddersfield 10 - 32 St. Helens,W,924,Huddersfld,10,Saints,32
5062,12th Jul 2019,12,7,12-7,2019,43658,Wigan Warriors,H,SL,St. Helens 32 - 10 Wigan Warriors,W,924,Saints,32,Wigan W,10
4946,3rd Jul 2016,3,7,3-7,2016,42554,Wakefield Trinity Wildcats,A,SL,Wakefield Trinity Wildcats 32 - 44 St. Helens,W,912,Wakefield ,32,Saints,44
2398,2nd Jan 1950,2,1,2-1,1950,18265,Hull,H,L,St. Helens 30 - 0 Hull,W,900,Saints,30,Hull,0
5170,9th Jun 2023,9,6,9-6,2023,45086,Wigan Warriors,H,SL,St. Helens 34 - 16 Wigan Warriors,W,900,Saints,34,Wigan W,16
3462,24th Dec 1972,24,12,24-12,1972,26657,Blackpool Borough,A,L,Blackpool Borough 14 - 33 St. Helens,W,893,Blackpool ,14,Saints,33
231,10th Aug 1996,10,8,10-8,1996,35287,Paris St.Germain,A,SL,Paris St.Germain 12 - 32 St. Helens,W,880,Paris S,12,Saints,32
4734,29th May 2010,29,5,29-5,2010,40327,Barrow Raiders,H,RLCC6,St. Helens 32 - 12 Barrow Raiders,W,880,Saints,32,Barrow R,12
1695,29th Nov 1930,29,11,29-11,1930,11291,Rochdale Hornets,H,L,St. Helens 33 - 15 Rochdale Hornets,W,864,Saints,33,Rochdale H,15
2581,30th Jan 1954,30,1,30-1,1954,19754,Salford,H,L,St. Helens 29 - 0 Salford,W,841,Saints,29,Salford,0
4948,17th Jul 2016,17,7,17-7,2016,42568,Huddersfield Giants,A,SL,Huddersfield Giants 18 - 34 St. Helens,W,832,Huddersfld,18,Saints,34
3977,14th Oct 1984,14,10,14-10,1984,30969,Hunslet,A,L,Hunslet 14 - 32 St. Helens,W,828,Hunslet,14,Saints,32
4561,5th Aug 2005,5,8,5-8,2005,38569,Warrington Wolves,A,SL,Warrington Wolves 10 - 30 St. Helens,W,800,Warrington,10,Saints,30
419,8th Dec 1991,8,12,8-12,1991,33580,Swinton,H,L,St. Helens 28 - 4 Swinton,W,768,Saints,28,Swinton,4
2653,19th Nov 1955,19,11,19-11,1955,20412,Liverpool City,A,L,Liverpool City 9 - 29 St. Helens,W,760,Liverpool ,9,Saints,29
2579,16th Jan 1954,16,1,16-1,1954,19740,Rochdale Hornets,H,L,St. Helens 28 - 5 Rochdale Hornets,W,759,Saints,28,Rochdale H,5
4939,13th May 2016,13,5,13-5,2016,42503,Salford Red Devils,H,SL,St. Helens 34 - 20 Salford Red Devils,W,756,Saints,34,Salford R,20
5066,8th Aug 2019,8,8,8-8,2019,43685,Warrington Wolves,A,SL,Warrington Wolves 12 - 30 St. Helens,W,756,Warrington,12,Saints,30
4592,24th Jun 2006,24,6,24-6,2006,38892,Salford City Reds,H,SL,St. Helens 28 - 6 Salford City Reds,W,748,Saints,28,Salford C,6
2832,24th Oct 1959,24,10,24-10,1959,21847,Hull,H,L,St. Helens 29 - 11 Hull,W,720,Saints,29,Hull,11
1590,6th Oct 1928,6,10,6-10,1928,10507,Wigan Highfield,A,L,Wigan Highfield 5 - 27 St. Helens,W,704,Wigan H,5,Saints,27
5109,9th Jul 2021,9,7,9-7,2021,44386,Wakefield Trinity,A,SL,Wakefield Trinity 14 - 30 St. Helens,W,704,Wakefield ,14,Saints,30
4227,4th Jul 2003,4,7,4-7,2003,37806,Widnes Vikings,H,SL,St. Helens 32 - 18 Widnes Vikings,W,700,Saints,32,Widnes V,18
2847,23rd Jan 1960,23,1,23-1,1960,21938,Oldham,H,L,St. Helens 27 - 6 Oldham,W,693,Saints,27,Oldham,6
413,12th Jan 1992,12,1,12-1,1992,33615,Featherstone Rovers,H,L,St. Helens 28 - 10 Featherstone Rovers,W,684,Saints,28,Feathersto,10
1070,18th Jan 1913,18,1,18-1,1913,4767,Coventry,A,L,Coventry 0 - 26 St. Helens,W,676,Coventry,0,Saints,26
4553,10th Jun 2005,10,6,10-6,2005,38513,Salford City Reds,A,SL,Salford City Reds 22 - 33 St. Helens,W,605,Salford C,22,Saints,33
4774,1st Jul 2011,1,7,1-7,2011,40725,Hull FC,H,SL,St. Helens 28 - 14 Hull FC,W,588,Saints,28,Hull FC,14
2745,7th Dec 1957,7,12,7-12,1957,21161,Barrow,H,L,St. Helens 25 - 7 Barrow,W,576,Saints,25,Barrow,7
3166,27th Jan 1967,27,1,27-1,1967,24499,Oldham,H,L,St. Helens 25 - 7 Oldham,W,576,Saints,25,Oldham,7
2298,4th Oct 1947,4,10,4-10,1947,17444,Swinton,H,L,St. Helens 24 - 3 Swinton,W,567,Saints,24,Swinton,3
1656,11th Jan 1930,11,1,11-1,1930,10969,Halifax,H,L,St. Helens 23 - 2 Halifax,W,525,Saints,23,Halifax,2
4198,21st Jan 1990,21,1,21-1,1990,32894,Salford,A,L,Salford 10 - 25 St. Helens,W,525,Salford,10,Saints,25
1607,5th Jan 1929,5,1,5-1,1929,10598,Rochdale Hornets,H,L,St. Helens 23 - 3 Rochdale Hornets,W,520,Saints,23,Rochdale H,3
3057,14th Nov 1964,14,11,14-11,1964,23695,Hull Kingston Rovers,A,L,Hull Kingston Rovers 12 - 25 St. Helens,W,481,Hull K,12,Saints,25
3698,8th Jan 1978,8,1,8-1,1978,28498,Dewsbury,H,L,St. Helens 23 - 7 Dewsbury,W,480,Saints,23,Dewsbury,7
4134,8th May 1988,8,5,8-5,1988,32271,Bradford Northern,H,PTSF,St. Helens 24 - 10 Bradford Northern,W,476,Saints,24,Bradford N,10
579,29th Oct 1898,29,10,29-10,1898,693534,Wigan,A,L,Wigan 3 - 22 St. Helens,W,475,Wigan,3,Saints,22
3672,14th May 1977,14,5,14-5,1977,28259,Castleford,H,PTSF (2),St. Helens 25 - 13 Castleford,W,456,Saints,25,Castleford,13
4669,26th Jul 2008,26,7,26-7,2008,39655,Leeds Rhinos,H,CCCSF,St. Helens 26 - 16 Leeds Rhinos,W,420,Saints,26,Leeds R,16
3306,10th Jan 1970,10,1,10-1,1970,25578,Batley,H,L,St. Helens 22 - 9 Batley,W,403,Saints,22,Batley,9
2360,29th Jan 1949,29,1,29-1,1949,17927,Huddersfield,H,L,St. Helens 20 - 2 Huddersfield,W,396,Saints,20,Huddersfld,2
3552,15th Dec 1974,15,12,15-12,1974,27378,Warrington,H,L,St. Helens 20 - 2 Warrington,W,396,Saints,20,Warrington,2
673,2nd Nov 1901,2,11,2-11,1901,672,Radcliffe,A,L,Radcliffe 0 - 19 St. Helens,W,361,Radcliffe,0,Saints,19
2109,14th Dec 1940,14,12,14-12,1940,14959,Oldham,H,WEL,St. Helens 19 - 2 Oldham,W,357,Saints,19,Oldham,2
3980,28th Oct 1984,28,10,28-10,1984,30983,Wigan,A,LCF,Wigan 18 - 26 St. Helens,W,352,Wigan,18,Saints,26
2662,28th Jan 1956,28,1,28-1,1956,20482,Widnes,H,L,St. Helens 21 - 10 Widnes,W,341,Saints,21,Widnes,10
2055,18th Mar 1939,18,3,18-3,1939,14322,Leigh,H,L,St. Helens 22 - 12 Leigh,W,340,Saints,22,Leigh,12
3599,28th Dec 1975,28,12,28-12,1975,27756,Hull Kingston Rovers,A,L,Hull Kingston Rovers 4 - 18 St. Helens,W,308,Hull K,4,Saints,18
2531,24th Jan 1953,24,1,24-1,1953,19383,Warrington,H,L,St. Helens 17 - 5 Warrington,W,264,Saints,17,Warrington,5
2659,31st Dec 1955,31,12,31-12,1955,20454,Dewsbury,A,L,Dewsbury 10 - 19 St. Helens,W,261,Dewsbury,10,Saints,19
4557,8th Jul 2005,8,7,8-7,2005,38541,Hull FC,H,SL,St. Helens 18 - 10 Hull FC,W,224,Saints,18,Hull FC,10
4632,20th Jul 2007,20,7,20-7,2007,39283,Wigan Warriors,H,SL,St. Helens 19 - 12 Wigan Warriors,W,217,Saints,19,Wigan W,12
3556,29th Dec 1974,29,12,29-12,1974,27392,Salford,A,L,Salford 0 - 14 St. Helens,W,196,Salford,0,Saints,14
618,30th Dec 1899,30,12,30-12,1899,693961,Tyldesley,A,L,Tyldesley 3 - 14 St. Helens,W,187,Tyldesley,3,Saints,14
5018,15th Jun 2018,15,6,15-6,2018,43266,Leeds Rhinos,A,SL,Leeds Rhinos 22 - 23 St. Helens,W,45,Leeds R,22,Saints,23
4992,11th Aug 2017,11,8,11-8,2017,42958,Hull FC,H,SL,St. Helens 6 - 8 Hull FC,L,-28,Saints,6,Hull FC,8
4878,1st Aug 2014,1,8,1-8,2014,41852,Hull FC,A,SL,Hull FC 19 - 12 St. Helens,L,-217,Hull FC,19,Saints,12
